PID,First_name,Last_name,DOB ,Gender,address,contactno,Email
P001,John,Smith,1993-04-15,M,New Brunswick,723-618-9076,john.smith92@gmail.com
P002,Alex,Taylor,2001-11-03,M,Piscataway,972-718-7056,alex.taylor87@yahoo.com
P003,Mary,Jones,1986-08-22,F,Edison,762-590-6147,mary.jones56@outlook.com
P004,Mellisa,Clark,1989-01-30,F,Plainsboro,734-719-0675,mellisa.clark22@hotmail.com
P005,Mike,Brown,2007-06-17,M,Jersey City,762-550-2435,mike.brown33@gmail.com
P006,Ross,Wilson,1979-12-09,M,Bridge water,972-890-8378,ross.wilson45@yahoo.com
P007,Kristy,Martin,1974-05-28,F,,603-275-0628,kristy.martin78@outlook.com
P008,Nancy,Adams,1991-09-14,F,Piscataway,763-919-5085,nancy.adams99@hotmail.com
P009,Michael,Evans,1977-03-05,M,Edison,618-619-6085,michael.evans12@gmail.com
P010,James,Roberts,1966-10-21,M,Jersey city,732-419-5086,james.roberts34@yahoo.com
P011,Emma,Green,1970-02-11,F,Trenton,765-398-6763,emma.green21@outlook.com
P012,Alex,Hall,1984-07-06,M,Edison,743-216-8054,alex.hall67@gmail.com
P013,Lisa,Turner,2004-08-19,F,New Brunswick,819-054-5637,lisa.turner88@hotmail.com
P014,Carol,Young,1991-12-25,F,Trenton,604-532-0562,carol.young50@yahoo.com
P015,Amelia,King,1953-04-07,F,North Brunswick,618-675-0488,amelia.king23@gmail.com
P016,Nancy,Adams,1991-09-14,F,Piscataway,763-919-5085,nancy.adams99@hotmail.com
P017,Mary,Jones,1986-08-22,F,Edison,762-590-6147,mary.jones56@outlook.com
